,DBP__SP_Summaries_welch_rect_centroid,Ventilated__CO_f1ecac,Midazolam__CO_f1ecac,Sodium__SB_BinaryStats_diff_longstretch0,Pulse__SB_BinaryStats_diff_longstretch0,Morphine__SB_BinaryStats_diff_longstretch0,DBP__SB_BinaryStats_diff_longstretch0,Hydromorphone__PD_PeriodicityWang_th0_01,Hydromorphone__SP_Summaries_welch_rect_centroid,Peds Coma Score__SB_BinaryStats_diff_longstretch0,Lactate__FC_LocalSimple_mean1_tauresrat,Peds Coma Score__FC_LocalSimple_mean1_tauresrat,Sodium__PD_PeriodicityWang_th0_01,pH__SP_Summaries_welch_rect_centroid,Morphine__CO_f1ecac,Ventilated__SP_Summaries_welch_rect_centroid,pH__CO_f1ecac,Outcome,Pulse__SP_Summaries_welch_rect_centroid,Lorazepam__SB_BinaryStats_diff_longstretch0,Pupillary Reaction__SB_BinaryStats_diff_longstretch0
DBP__SP_Summaries_welch_rect_centroid,0.0,0.0,0.0,0.0,0.0,0.0,0.0,0.0,0.0,0.0,0.0,0.0,0.0,0.0,0.0,0.0,0.0,1.0,0.0,0.0,0.0
Ventilated__CO_f1ecac,0.0,0.0,0.0,0.0,0.0,0.0,0.0,0.0,0.0,0.0,0.0,0.0,0.0,0.0,0.0,0.0,0.0,1.0,0.0,0.0,0.0
Midazolam__CO_f1ecac,0.0,0.0,0.0,0.0,0.0,0.0,0.0,0.0,0.0,0.0,0.0,0.0,0.0,0.0,0.0,0.0,0.0,1.0,0.0,0.0,0.0
Sodium__SB_BinaryStats_diff_longstretch0,0.0,0.0,0.0,0.0,0.0,0.0,0.0,0.0,0.0,0.0,0.0,0.0,0.0,0.0,0.0,0.0,0.0,1.0,0.0,0.0,0.0
Pulse__SB_BinaryStats_diff_longstretch0,0.0,0.0,0.0,0.0,0.0,0.0,0.0,0.0,0.0,0.0,0.0,0.0,0.0,0.0,0.0,0.0,0.0,1.0,0.0,0.0,0.0
Morphine__SB_BinaryStats_diff_longstretch0,0.0,0.0,0.0,0.0,0.0,0.0,0.0,0.0,0.0,0.0,0.0,0.0,0.0,0.0,0.0,0.0,0.0,1.0,0.0,0.0,0.0
DBP__SB_BinaryStats_diff_longstretch0,0.0,0.0,0.0,0.0,0.0,0.0,0.0,0.0,0.0,0.0,0.0,0.0,0.0,0.0,0.0,0.0,0.0,1.0,0.0,0.0,0.0
Hydromorphone__PD_PeriodicityWang_th0_01,0.0,0.0,0.0,0.0,0.0,0.0,0.0,0.0,0.0,0.0,0.0,0.0,0.0,0.0,0.0,0.0,0.0,1.0,0.0,0.0,0.0
Hydromorphone__SP_Summaries_welch_rect_centroid,0.0,0.0,0.0,0.0,0.0,0.0,0.0,0.0,0.0,0.0,0.0,0.0,0.0,0.0,0.0,0.0,0.0,1.0,0.0,0.0,0.0
Peds Coma Score__SB_BinaryStats_diff_longstretch0,0.0,0.0,0.0,0.0,0.0,0.0,0.0,0.0,0.0,0.0,0.0,0.0,0.0,0.0,0.0,0.0,0.0,1.0,0.0,0.0,0.0
Lactate__FC_LocalSimple_mean1_tauresrat,0.0,0.0,0.0,0.0,0.0,0.0,0.0,0.0,0.0,0.0,0.0,0.0,0.0,0.0,0.0,0.0,0.0,1.0,0.0,0.0,0.0
Peds Coma Score__FC_LocalSimple_mean1_tauresrat,0.0,0.0,0.0,0.0,0.0,0.0,0.0,0.0,0.0,0.0,0.0,0.0,0.0,0.0,0.0,0.0,0.0,1.0,0.0,0.0,0.0
Sodium__PD_PeriodicityWang_th0_01,0.0,0.0,0.0,0.0,0.0,0.0,0.0,0.0,0.0,0.0,0.0,0.0,0.0,0.0,0.0,0.0,0.0,1.0,0.0,0.0,0.0
pH__SP_Summaries_welch_rect_centroid,0.0,0.0,0.0,0.0,0.0,0.0,0.0,0.0,0.0,0.0,0.0,0.0,0.0,0.0,0.0,0.0,0.0,1.0,0.0,0.0,0.0
Morphine__CO_f1ecac,0.0,0.0,0.0,0.0,0.0,0.0,0.0,0.0,0.0,0.0,0.0,0.0,0.0,0.0,0.0,0.0,0.0,1.0,0.0,0.0,0.0
Ventilated__SP_Summaries_welch_rect_centroid,0.0,0.0,0.0,0.0,0.0,0.0,0.0,0.0,0.0,0.0,0.0,0.0,0.0,0.0,0.0,0.0,0.0,1.0,0.0,0.0,0.0
pH__CO_f1ecac,0.0,0.0,0.0,0.0,0.0,0.0,0.0,0.0,0.0,0.0,0.0,0.0,0.0,0.0,0.0,0.0,0.0,1.0,0.0,0.0,0.0
Outcome,0.0,0.0,0.0,0.0,0.0,0.0,0.0,0.0,0.0,0.0,0.0,0.0,0.0,0.0,0.0,0.0,0.0,0.0,0.0,0.0,0.0
Pulse__SP_Summaries_welch_rect_centroid,0.0,0.0,0.0,0.0,0.0,0.0,0.0,0.0,0.0,0.0,0.0,0.0,0.0,0.0,0.0,0.0,0.0,1.0,0.0,0.0,0.0
Lorazepam__SB_BinaryStats_diff_longstretch0,0.0,0.0,0.0,0.0,0.0,0.0,0.0,0.0,0.0,0.0,0.0,0.0,0.0,0.0,0.0,0.0,0.0,1.0,0.0,0.0,0.0
Pupillary Reaction__SB_BinaryStats_diff_longstretch0,0.0,0.0,0.0,0.0,0.0,0.0,0.0,0.0,0.0,0.0,0.0,0.0,0.0,0.0,0.0,0.0,0.0,1.0,0.0,0.0,0.0
